{
  "items": [
    {
      "id": 1760572977990,
      "name": "asddfasfasf",
      "price": null,
      "image": "images/redmi14c.png",
      "category": "",
      "showPrice": true,
      "featured": true,
      "active": true
    },
    {
      "id": 1760572985666,
      "name": "qweqweqwe123123",
      "price": null,
      "image": "images/pocox7pro.png",
      "category": "",
      "showPrice": true,
      "featured": true,
      "active": true
    },
    {
      "id": 1760572991492,
      "name": "123123arqrq",
      "price": null,
      "image": "",
      "category": "nova-categ",
      "showPrice": true,
      "featured": false,
      "active": true
    },
    {
      "id": 1760572996355,
      "name": "eqwewqerttyuiolknbvcx",
      "price": null,
      "image": "",
      "category": "segundat-categ",
      "showPrice": true,
      "featured": false,
      "active": true
    },
    {
      "id": 1760573020039,
      "name": "vvvvv",
      "price": null,
      "image": "images/redmi14c.png",
      "category": "",
      "showPrice": true,
      "featured": true,
      "active": true
    },
    {
      "id": 1760573026662,
      "name": "xzczxczxcxzc",
      "price": null,
      "image": "images/redmi14c.png",
      "category": "",
      "showPrice": true,
      "featured": true,
      "active": true
    }
  ]
}