{
  "items": [
    {
      "id": 1760572058427,
      "name": "aswerqeewr",
      "price": null,
      "image": "images/redmi14c.png",
      "category": "",
      "showPrice": true,
      "featured": true,
      "active": true
    },
    {
      "id": 1760572067348,
      "name": "pppppppppp",
      "price": null,
      "image": "images/pocox7pro.png",
      "category": "",
      "showPrice": true,
      "featured": true,
      "active": true
    },
    {
      "id": 1760572075996,
      "name": "uuuuuuuuu",
      "price": null,
      "image": "",
      "category": "aaaaa",
      "showPrice": true,
      "featured": false,
      "active": true
    },
    {
      "id": 1760572093132,
      "name": "yyyyyyyy",
      "price": null,
      "image": "",
      "category": "bbbbbbb",
      "showPrice": true,
      "featured": false,
      "active": true
    }
  ]
}