{
  "items": [
    {
      "id": 1760570201140,
      "name": "dfasdffds",
      "price": null,
      "image": "images/pocox7pro.png",
      "category": "qweqwe",
      "showPrice": true,
      "featured": true,
      "active": true
    },
    {
      "id": 1760570212428,
      "name": "dfasdfafs",
      "price": null,
      "image": "images/redmi14c.png",
      "category": "qqqqqqqqqq",
      "showPrice": true,
      "featured": true,
      "active": true
    },
    {
      "id": 1760571441122,
      "name": "aaaaa",
      "price": null,
      "image": "",
      "category": "",
      "showPrice": true,
      "featured": true,
      "active": true
    }
  ]
}